{"cameraMode":{"drawMode":0,"name":"Shaded","section":"Shading Mode"},"sceneLighting":true,"audioPlay":false,"sceneViewState":{"m_AlwaysRefresh":false,"showFog":true,"showSkybox":true,"showFlares":true,"showImageEffects":true,"showParticleSystems":true,"showVisualEffectGraphs":true,"m_FxEnabled":true},"in2DMode":false,"pivot":{"x":-5.692687034606934,"y":11.896930694580079,"z":2.7825164794921877},"rotation":{"x":0.1136632114648819,"y":-0.08304768055677414,"z":0.009532252326607705,"w":0.9900091886520386},"size":26.65611457824707,"orthographic":false}